"name","session-id","session-time","level","name","last_state"
eschulman-DEFCON-1,7879,"2026-03-04 10:11:34",30,DEFCON 1,retro
stuck2blo-DEFCON-1,7868,"2026-03-03 11:05:22",30,DEFCON 1,retro
utopkarab-The-Unknown-Unknown,7846,"2026-02-27 13:26:05",33,The Unknown Unknown,retro
lspesshar-Discount-Disaster,7840,"2026-02-27 10:32:44",36,Discount Disaster,retro
kdanjoblo-Bezs-Beatles-Day!,7835,"2026-02-27 08:38:33",5,Bezs Beatles Day!,retro
lspesshar-Discount-Disaster,7805,"2026-02-24 09:16:12",36,Discount Disaster,retro
lspesshar-Discount-Disaster-Workshop,7804,"2026-02-24 08:55:00",26,Discount Disaster Workshop,retro
lspesshar-Discount-Disaster-Workshop,7798,"2026-02-23 13:24:12",26,Discount Disaster Workshop,retro
lspesshar-Bezs-Beatles-Day!,7788,"2026-02-20 14:26:07",5,Bezs Beatles Day!,retro
stuck2blo-The-Unknown-Unknown,7785,"2026-02-20 11:47:36",33,The Unknown Unknown,retro
eschulman-The-Unknown-Unknown,7725,"2026-02-13 16:08:06",33,The Unknown Unknown,retro
cflounder-Discount-Disaster-Workshop,7717,"2026-02-13 09:51:44",26,Discount Disaster Workshop,retro
eschulman-DEFCON-1,7663,"2026-02-06 18:40:07",30,DEFCON 1,retro
utopkarab-Discount-Disaster-Workshop,7656,"2026-02-06 13:12:56",26,Discount Disaster Workshop,retro
kdanjoblo-Bezs-Beatles-Day!,7618,"2026-02-04 13:09:47",5,Bezs Beatles Day!,retro
eschulman-Discount-Disaster-Workshop,7610,"2026-02-03 20:04:54",26,Discount Disaster Workshop,retro
aho271blo-Bezs-Beatles-Day!,7592,"2026-02-03 07:51:38",5,Bezs Beatles Day!,retro
lspesshar-Bezs-Beatles-Day!-Workshop,7587,"2026-02-02 13:18:27",31,Bezs Beatles Day! Workshop,retro
utopkarab-Too-Good-To-Be-True-Workshop,7576,"2026-01-30 13:34:22",29,Too Good To Be True Workshop,retro
stuck2blo-Discount-Disaster-Workshop,7572,"2026-01-30 11:11:49",26,Discount Disaster Workshop,retro
eschulman-Too-Good-To-Be-True-Workshop,7550,"2026-01-28 15:47:28",29,Too Good To Be True Workshop,retro
ssasibloo-Discount-Disaster-Workshop,7542,"2026-01-28 10:39:18",26,Discount Disaster Workshop,retro
kdanjoblo-Bezs-Beatles-Day!,7530,"2026-01-27 07:33:38",5,Bezs Beatles Day!,retro
stuck2blo-Too-Good-To-Be-True-Workshop,7517,"2026-01-23 11:21:55",29,Too Good To Be True Workshop,retro
cflounder-Too-Good-To-Be-True-Workshop,7513,"2026-01-23 09:59:57",29,Too Good To Be True Workshop,retro
ssasibloo-Too-Good-To-Be-True-Workshop,7480,"2026-01-21 10:48:12",29,Too Good To Be True Workshop,retro
